date,name,ot,nightOt,holidayOt,flexOt,off,note
"2025-05-14","이우빈","1.0","","","","",""
"2026-06-01","김가을","","","","0.5","","탄력 (0.5)"
"2026-06-01","윤찬희","","","","0.5","","탄력 (0.5)"
"2026-06-01","이우빈","","","","0.5","","탄력 (0.5)"
"2026-06-01","이이정","","","","0.5","","탄력 (0.5)"
"2026-06-02","고영수","","2.5","","","",""
"2026-06-02","윤찬희","-8","","","","","OT사용 off(-8)"
"2026-06-02","이우빈","","2","","","",""
"2026-06-02","이이정","","","","0.5","","탄력 (0.5)"
"2026-06-03","고영수","1.5","","6.5","","",""
"2026-06-03","김가을","1.5","","6","","",""
"2026-06-03","우영지","","","6","","",""
"2026-06-03","윤찬희","","","6","","",""
"2026-06-03","이우빈","","","6","","",""
"2026-06-03","이이정","","","6","","",""
"2026-06-04","고영수","-8","","","","","OT사용 off(-8)"
"2026-06-04","이우빈","1","","","","",""
"2026-06-04","이이정","1","","","","",""
"2026-06-05","김가을","1","","","","",""
"2026-06-05","윤찬희","1","2","","","",""
"2026-06-05","이우빈","","2","","","",""
"2026-06-05","이이정","","","","0.5","","탄력 (0.5)"
"2026-06-08","김가을","","","","0.5","","탄력 (0.5)"
"2026-06-08","윤찬희","","","","0.5","","탄력 (0.5)"
"2026-06-08","이우빈","","","","","연차","출산휴가"
"2026-06-09","고영수","2","","","","",""
"2026-06-09","김가을","2","","","","",""
"2026-06-09","윤찬희","","2","","","",""
"2026-06-09","이우빈","","","","","연차","출산휴가"
"2026-06-09","이이정","","2","","","",""
"2026-06-10","윤찬희","1","","","","",""
"2026-06-10","이우빈","","","","","연차","출산휴가"
"2026-06-10","이이정","1","","","","",""
"2026-06-11","고영수","2","","","","",""
"2026-06-11","김가을","2","","","","",""
"2026-06-11","이우빈","","","","","연차","출산휴가"
"2026-06-11","이이정","","","","0.5","","탄력 (0.5)"
"2026-06-12","고영수","","2","","","",""
"2026-06-12","김가을","","2","","","",""
"2026-06-12","윤찬희","2","","","","",""
"2026-06-12","이우빈","","","","","연차","출산휴가"
"2026-06-12","이이정","2","","","","",""
"2026-06-13","고영수","1.5","","4","","",""
"2026-06-13","김가을","1.5","","4","","",""
"2026-06-13","우영지","","","4","","",""
"2026-06-13","이이정","","","4.5","","",""
"2026-06-15","김가을","","","","0.5","","탄력 (0.5)"
"2026-06-15","이이정","","","","","","탄력 c-arm(0.5) + 탄력사용(-0.5)"
"2026-06-16","고영수","","","","","연차",""
"2026-06-16","김가을","1.5","2","","","",""
"2026-06-16","이이정","1.5","2","","","",""
"2026-06-17","고영수","1.5","","","-1","","탄력 c-arm(0.5) + 탄력사용(-1.5)"
"2026-06-17","우영지","","","","","",""
"2026-06-17","윤찬희","1.5","","","","",""
"2026-06-18","고영수","","","","","연차","예비군훈련"
"2026-06-18","김가을","","","","0.5","","탄력 (0.5)"
"2026-06-19","고영수","1.5","","","","",""
"2026-06-19","우영지","","","","","오후반차",""
"2026-06-19","윤찬희","1.5","2","","","",""
"2026-06-19","이우빈","","","","1","","탄력 (1)"
"2026-06-19","이이정","","2","","","",""
"2026-06-20","김가을","","","4.5","","",""
"2026-06-20","윤찬희","","","4","","",""
"2026-06-20","이우빈","","","4","","",""
"2026-06-20","이이정","","","4.5","","",""
"2026-06-22","고영수","","","","0.5","","탄력 c-arm(0.5)"
"2026-06-22","윤찬희","","","","-1.5","","탄력사용(-1.5)"
"2026-06-22","이우빈","","","","1","","탄력 (1)"
"2026-06-23","고영수","","2.5","","","",""
"2026-06-23","김가을","","2","","","",""
"2026-06-23","윤찬희","2","","","","",""
"2026-06-23","이이정","2","","","-1.5","","탄력 c-arm(0.5) + 탄력사용(-2)"
"2026-06-24","고영수","1","","","0.5","","탄력 씨암(0.5)"
"2026-06-24","김가을","1","","","-1","","탄력사용(-1)"
"2026-06-24","이이정","-8","","","","","OT사용 off(-8)"
"2026-06-25","김가을","-8","","","","","OT사용 off(-8)"
"2026-06-25","윤찬희","1","","","","",""
"2026-06-25","이이정","1","","","","",""
"2026-06-26","고영수","2","2","","","",""
"2026-06-26","김가을","2","","","","",""
"2026-06-26","윤찬희","","2","","","",""
"2026-06-26","이우빈","","","","","연차","출산휴가"
"2026-06-27","고영수","","","4","","",""
"2026-06-27","우영지","","","4","","",""
"2026-06-27","윤찬희","1","","4","","",""
"2026-06-27","이이정","1","","4","","",""
"2026-06-29","이우빈","","","","","연차","출산휴가"
"2026-06-30","고영수","1","","","","",""
"2026-06-30","윤찬희","1","","","","",""
"2026-06-30","이우빈","","","","","연차","출산휴가"
"2026-07-01","이우빈","","","","","연차",""
"2026-07-02","이우빈","","","","","연차",""
"2026-07-03","이우빈","","","","","연차",""
"2026-07-04","고영수","","","4","","",""
"2026-07-04","우영지","","","4","","",""
"2026-07-04","윤찬희","","","4","","",""
"2026-07-04","이이정","","","4","","",""
"2026-07-06","김가을","-8","","","","","OT사용 off(-8)"
"2026-07-07","김가을","","","","","연차",""
"2026-07-08","김가을","","","","","연차",""
"2026-07-09","김가을","","","","","연차",""
"2026-07-10","김가을","","","","","연차",""
"2026-07-13","이우빈","","","","","연차",""
"2026-07-14","이우빈","","","","","연차",""
"2026-07-15","이우빈","","","","","연차",""
"2026-07-16","이우빈","","","","","연차",""
"2026-07-18","고영수","","","4","","",""
"2026-07-18","김가을","","","4","","",""
"2026-07-18","우영지","","","4","","",""
"2026-07-18","윤찬희","","","4","","",""
"2026-07-20","이우빈","","","","","연차",""
"2026-07-21","이우빈","","","","","연차",""
"2026-07-22","이우빈","","","","","연차",""
"2026-07-23","이우빈","","","","","연차",""
"2026-07-24","이우빈","","","","","연차",""
"2026-07-27","윤찬희","-8","","","","","OT사용 off(-8)"
"2026-07-28","윤찬희","","","","","연차",""
"2026-07-29","윤찬희","","","","","연차",""
"2026-07-30","윤찬희","","","","","연차",""
"2026-07-31","윤찬희","","","","","연차",""